<?xml version="1.0"?>
<HostingTemplate TemplateName="TestTemplate" xmlns:xsi="http://www.w3.org/2001/XMLSchema-instance" xmlns:xsd="http://www.w3.org/2001/XMLSchema">
  <DefaultSettings>
    <define Name="BaseVHD" Value="" />
    <define Name="SetupScripts" Value="" />

    <define Name="SmallVMMemory" Value="768" />
    <define Name="MediumVMMemory" Value="1024" />
    <define Name="LargeVMMemory" Value="1536" />

    <define Name="VMAdminUser" Value="antaresadmin" />
    <define Name="VMAdminPassword" Value="Wap2013!" />
    <define Name="CloudAdminUser" Value="cloudadmin" />
    <define Name="CloudAdminPassword" Value="Wap2013!" />
    <define Name="DbPassword" Value="Wap2013!" />

    <define Name="DeploymentName" Value="$(ComputerName)" />
    <define Name="DnsSuffix" Value="test.com" />
  </DefaultSettings>
  <DeploymentName>@(DeploymentName)</DeploymentName>
  <Roles>
    <Role Name="DatabaseServer" Prefix="DB" NumberOfInstances="1" DeployPriority="0">
      <Cpu>1</Cpu>
      <Memory>@(MediumVMMemory)</Memory>
      <BaseVHD>@(BaseVHD)</BaseVHD>
      <VMAdmin>
        <Username>@(VMAdminUser)</Username>
        <Password>@(VMAdminPassword)</Password>
      </VMAdmin>
      <CopyContents>
        <Copy Type="Folder" Source="@(SetupScripts)" Destination="SetupScripts" />
      </CopyContents>
      <VMOnStartActions>
        <ExecuteAction RunInFolder="SetupScripts">
          powershell -command .\ProvisionSQLServer.ps1 -dbpassword @(DbPassword)
        </ExecuteAction>
        <ExecuteAction RunInFolder="SetupScripts">
          powershell -command .\ProvisionMySQLServer.ps1 -rootpassword @(DbPassword)
        </ExecuteAction>
      </VMOnStartActions>
    </Role>
    <Role Name="Controller" Prefix="CN" NumberOfInstances="1" DeployPriority="0">
      <Cpu>2</Cpu>
      <Memory>@(MediumVMMemory)</Memory>
      <BaseVHD>@(BaseVHD)</BaseVHD>
      <VMAdmin>
        <Username>@(VMAdminUser)</Username>
        <Password>@(VMAdminPassword)</Password>
      </VMAdmin>
      <CopyContents>
        <Copy Type="Folder" Source="@(SetupScripts)" Destination="SetupScripts" />
      </CopyContents>
      <VMOnStartActions>
        <ExecuteAction RunInFolder="SetupScripts">
          powershell -command .\ProvisionController.ps1 -sqlservername @(DatabaseServerInstance0) -sqlsysadmin sa -sqlsysadminpwd @(DbPassword) -ControllerAdminUserName @(VMAdminUser) -ControllerAdminPassword @(VMAdminPassword) -managementServerAdminUserName @(VMAdminUser) -managementServerAdminPassword @(VMAdminPassword) -fileServerAdminUserName @(VMAdminUser) -fileServerAdminPassword @(VMAdminPassword) -frontEndAdminUserName @(VMAdminUser) -frontEndAdminPassword @(VMAdminPassword) -publisherAdminUserName @(VMAdminUser) -publisherAdminPassword @(VMAdminPassword) -workerAdminUserName @(VMAdminUser) -workerAdminPassword @(VMAdminPassword) -dnsSuffix @(DnsSuffix) -fileServerName @(FileServerInstance0) -fileServerType WindowsSingle -fileShareOwnerUserName FileShareOwner -fileShareOwnerPassword @(VMAdminPassword) -fileShareUserUserName FileShareUser -fileShareUserPassword @(VMAdminPassword) -cloudAdminUserName @(CloudAdminUser) -cloudAdminPassword @(CloudAdminPassword) -centralCertStoreUserName CertStoreUser -centralCertStorePassword @(VMAdminPassword) -contentShareUNCPath \\@(FileServerInstance0)\WebSites -contentShareLocalPath C:\WebSites -certificateShareUNCPath \\@(FileServerInstance0)\Certificates -certificateShareLocalPath C:\Certificates -enableSqm False -enableMicrosoftUpdate False
        </ExecuteAction>
      </VMOnStartActions>
    </Role>
    <Role Name="Portal" Prefix="PT" NumberOfInstances="1" DeployPriority="1">
      <Cpu>2</Cpu>
      <Memory>@(LargeVMMemory)</Memory>
      <BaseVHD>@(BaseVHD)</BaseVHD>
      <VMAdmin>
        <Username>@(VMAdminUser)</Username>
        <Password>@(VMAdminPassword)</Password>
      </VMAdmin>
      <CopyContents>
        <Copy Type="Folder" Source="@(SetupScripts)" Destination="SetupScripts" />
      </CopyContents>
      <VMOnStartActions>
        <ExecuteAction RunInFolder="SetupScripts">
          powershell -command .\ProvisionPortal.ps1 -adminpassword @(VMAdminPassword) -sqlservername @(DatabaseServerInstance0) -sqlsysadmin sa -sqlsysadminpwd @(DbPassword) -configStorePassphrase Pass@word1 -serviceEndPoint https://@(ManagementServerInstance0) -serviceUserName @(CloudAdminUser) -servicePassword @(CloudAdminPassword) -mysqlservername @(DatabaseServerInstance0) -mysqlsysadmin root -mysqlsysadminpwd @(DbPassword)
        </ExecuteAction>
      </VMOnStartActions>
    </Role>
    <Role Name="ManagementServer" Prefix="MN" NumberOfInstances="1" DeployPriority="1">
      <Cpu>2</Cpu>
      <Memory>@(MediumVMMemory)</Memory>
      <BaseVHD>@(BaseVHD)</BaseVHD>
      <VMAdmin>
        <Username>@(VMAdminUser)</Username>
        <Password>@(VMAdminPassword)</Password>
      </VMAdmin>
      <CopyContents>
        <Copy Type="Folder" Source="@(SetupScripts)" Destination="SetupScripts" />
      </CopyContents>
      <VMOnStartActions>
        <ExecuteAction RunInFolder="SetupScripts">
          powershell -command .\ProvisionRole.ps1 -roleType ManagementServer -controller @(ControllerInstance0) -controllerUser @(VMAdminUser) -controllerPassword @(VMAdminPassword)
        </ExecuteAction>
      </VMOnStartActions>
    </Role>
    <Role Name="Publisher" Prefix="PB" NumberOfInstances="1" DeployPriority="1">
      <Cpu>1</Cpu>
      <Memory>@(SmallVMMemory)</Memory>
      <BaseVHD>@(BaseVHD)</BaseVHD>
      <VMAdmin>
        <Username>@(VMAdminUser)</Username>
        <Password>@(VMAdminPassword)</Password>
      </VMAdmin>
      <CopyContents>
        <Copy Type="Folder" Source="@(SetupScripts)" Destination="SetupScripts" />
      </CopyContents>
      <VMOnStartActions>
        <ExecuteAction RunInFolder="SetupScripts">
          powershell -command .\ProvisionRole.ps1 -roleType Publisher -controller @(ControllerInstance0) -controllerUser @(VMAdminUser) -controllerPassword @(VMAdminPassword)
        </ExecuteAction>
      </VMOnStartActions>
    </Role>
    <Role Name="FrontEnd" Prefix="LB" NumberOfInstances="1" DeployPriority="1">
      <Cpu>2</Cpu>
      <Memory>@(MediumVMMemory)</Memory>
      <BaseVHD>@(BaseVHD)</BaseVHD>
      <VMAdmin>
        <Username>@(VMAdminUser)</Username>
        <Password>@(VMAdminPassword)</Password>
      </VMAdmin>
      <CopyContents>
        <Copy Type="Folder" Source="@(SetupScripts)" Destination="SetupScripts" />
      </CopyContents>
      <VMOnStartActions>
        <ExecuteAction RunInFolder="SetupScripts">
          powershell -command .\ProvisionRole.ps1 -roleType FrontEnd -controller @(ControllerInstance0) -controllerUser @(VMAdminUser) -controllerPassword @(VMAdminPassword)
        </ExecuteAction>
      </VMOnStartActions>
    </Role>
    <Role Name="WebWorker" Prefix="W" NumberOfInstances="1" DeployPriority="1">
      <Cpu>2</Cpu>
      <Memory>@(LargeVMMemory)</Memory>
      <BaseVHD>@(BaseVHD)</BaseVHD>
      <VMAdmin>
        <Username>@(VMAdminUser)</Username>
        <Password>@(VMAdminPassword)</Password>
      </VMAdmin>
      <CopyContents>
        <Copy Type="Folder" Source="@(SetupScripts)" Destination="SetupScripts" />
      </CopyContents>
      <VMOnStartActions>
        <ExecuteAction RunInFolder="SetupScripts">
          powershell -command .\ProvisionRole.ps1 -roleType Worker -controller @(ControllerInstance0) -controllerUser @(VMAdminUser) -controllerPassword @(VMAdminPassword)
        </ExecuteAction>
      </VMOnStartActions>
    </Role>
    <Role Name="FileServer" Prefix="FS" NumberOfInstances="1" DeployPriority="0">
      <Cpu>1</Cpu>
      <Memory>@(MediumVMMemory)</Memory>
      <BaseVHD>@(BaseVHD)</BaseVHD>
      <VMAdmin>
        <Username>@(VMAdminUser)</Username>
        <Password>@(VMAdminPassword)</Password>
      </VMAdmin>
      <CopyContents>
        <Copy Type="Folder" Source="@(SetupScripts)" Destination="SetupScripts" />
      </CopyContents>
      <VMOnStartActions>
        <ExecuteAction RunInFolder="SetupScripts">
          powershell -command .\ProvisionRole.ps1 -roleType FileServer -controller @(ControllerInstance0) -controllerUser @(VMAdminUser) -controllerPassword @(VMAdminPassword)
        </ExecuteAction>
      </VMOnStartActions>
    </Role>
  </Roles>
  <FarmPostSetupActions>
    <ExecuteAction Comment="Wait for everything">
      C:\Windows\System32\WindowsPowershell\v1.0\powershell.exe -ExecutionPolicy ByPass -command .\Support\WaitAll.ps1 @(ControllerInstance0) @(VMAdminUser) @(VMAdminPassword) @(DatabaseServerInstance0) sa @(DbPassword)
    </ExecuteAction>
    <ExecuteAction Comment="Start the portal">
      Start https://@(PortalInstance0):30091
    </ExecuteAction>
  </FarmPostSetupActions>
</HostingTemplate>