<?xml version='1.0' encoding='utf-8'?>
<unattend xmlns="urn:schemas-microsoft-com:unattend">
  <settings pass="windowsPE">
    <component name="Microsoft-Windows-Setup" processorArchitecture="amd64" publicKeyToken="31bf3856ad364e35" language="neutral" versionScope="nonSxS" xmlns:wcm="http://schemas.microsoft.com/WMIConfig/2002/State">
      <DiskConfiguration>
        <WillShowUI>Never</WillShowUI>
      </DiskConfiguration>
      <UpgradeData>
        <Upgrade>false</Upgrade>
      </UpgradeData>
      <Display>
        <ColorDepth>16</ColorDepth>
        <HorizontalResolution>1024</HorizontalResolution>
        <RefreshRate>60</RefreshRate>
        <VerticalResolution>768</VerticalResolution>
      </Display>
      <ComplianceCheck>
        <DisplayReport>OnError</DisplayReport>
      </ComplianceCheck>
      <UserData>
        <AcceptEula>true</AcceptEula>
        <ProductKey>
          <Key></Key>
          <WillShowUI>Never</WillShowUI>
        </ProductKey>
      </UserData>
    </component>
  </settings>
  <settings pass="specialize">
    <component name="Microsoft-Windows-TerminalServices-LocalSessionManager" processorArchitecture="amd64" publicKeyToken="31bf3856ad364e35" language="neutral" versionScope="nonSxS" xmlns:wcm="http://schemas.microsoft.com/WMIConfig/2002/State">
      <fDenyTSConnections>false</fDenyTSConnections>
    </component>
    <component name="Microsoft-Windows-TerminalServices-RDP-WinStationExtensions" processorArchitecture="amd64" publicKeyToken="31bf3856ad364e35" language="neutral" versionScope="nonSxS" xmlns:wcm="http://schemas.microsoft.com/WMIConfig/2002/State">
      <UserAuthentication>0</UserAuthentication>
    </component>
    <component name="Networking-MPSSVC-Svc" processorArchitecture="amd64" publicKeyToken="31bf3856ad364e35" language="neutral" versionScope="nonSxS" xmlns:wcm="http://schemas.microsoft.com/WMIConfig/2002/State">
      <FirewallGroups>
        <FirewallGroup wcm:action="add" wcm:keyValue="RemoteDesktop">
          <Active>true</Active>
          <Group>Remote Desktop</Group>
          <Profile>all</Profile>
        </FirewallGroup>
      </FirewallGroups>
    </component>
    <component name="Microsoft-Windows-Shell-Setup" processorArchitecture="amd64" publicKeyToken="31bf3856ad364e35" language="neutral" versionScope="nonSxS" xmlns:wcm="http://schemas.microsoft.com/WMIConfig/2002/State">
      <ComputerName>*</ComputerName>
      <RegisteredOrganization>Test Team</RegisteredOrganization>
      <RegisteredOwner>Microsoft OMC</RegisteredOwner>
      <DoNotCleanTaskBar>true</DoNotCleanTaskBar>
      <TimeZone>Pacific Standard Time</TimeZone>
    </component>
    <component name="Microsoft-Windows-Deployment" processorArchitecture="amd64" publicKeyToken="31bf3856ad364e35" language="neutral" versionScope="nonSxS" xmlns:wcm="http://schemas.microsoft.com/WMIConfig/2002/State" xmlns:xsi="http://www.w3.org/2001/XMLSchema-instance">
      <RunSynchronous>
        <RunSynchronousCommand wcm:action="add">
          <Description>EnableAdmin</Description>
          <Order>1</Order>
          <Path>cmd /c net user Administrator /active:yes</Path>
        </RunSynchronousCommand>
        <RunSynchronousCommand wcm:action="add">
          <Description>EnableAdmin_ploc</Description>
          <Order>2</Order>
          <Path>cmd /c net user Administrator_ploc /active:yes</Path>
        </RunSynchronousCommand>
        <RunSynchronousCommand wcm:action="add">
          <Description>UnfilterAdministratorToken</Description>
          <Order>3</Order>
          <Path>cmd /c reg add HKLM\SOFTWARE\Microsoft\Windows\CurrentVersion\Policies\System /v FilterAdministratorToken /t REG_DWORD /d 0 /f</Path>
        </RunSynchronousCommand>
      </RunSynchronous>
    </component>
    <component name="Microsoft-Windows-DNS-Client" processorArchitecture="amd64" publicKeyToken="31bf3856ad364e35" language="neutral" versionScope="nonSxS" xmlns:wcm="http://schemas.microsoft.com/WMIConfig/2002/State" xmlns:xsi="http://www.w3.org/2001/XMLSchema-instance" xmlns="" />
    <component name="Microsoft-Windows-UnattendedJoin" processorArchitecture="amd64" publicKeyToken="31bf3856ad364e35" language="neutral" versionScope="nonSxS" xmlns:wcm="http://schemas.microsoft.com/WMIConfig/2002/State" xmlns:xsi="http://www.w3.org/2001/XMLSchema-instance" xmlns="" />
  </settings>
  <settings pass="oobeSystem">
    <component name="Microsoft-Windows-Shell-Setup" processorArchitecture="amd64" publicKeyToken="31bf3856ad364e35" language="neutral" versionScope="nonSxS" xmlns:wcm="http://schemas.microsoft.com/WMIConfig/2002/State" xmlns:xsi="http://www.w3.org/2001/XMLSchema-instance">
      <OOBE>
        <HideEULAPage>true</HideEULAPage>
        <SkipMachineOOBE>true</SkipMachineOOBE>
        <SkipUserOOBE>true</SkipUserOOBE>
      </OOBE>
      <FirstLogonCommands>
        <SynchronousCommand wcm:action="add">
          <Order>1</Order>
          <Description>Sleep off the stuff from domain policy sync</Description>
          <CommandLine>%WINDIR%\system32\cmd.exe /C %systemdrive%\keep\sleep.exe 180</CommandLine>
        </SynchronousCommand>
      </FirstLogonCommands>
      <UserAccounts>
        <AdministratorPassword>
          <Value>*</Value>
          <Plaintext>true</Plaintext>
        </AdministratorPassword>
      </UserAccounts>
    </component>
    <component name="Microsoft-Windows-International-Core" processorArchitecture="amd64" publicKeyToken="31bf3856ad364e35" language="neutral" versionScope="nonSxS" xmlns:wcm="http://schemas.microsoft.com/WMIConfig/2002/State" xmlns:xsi="http://www.w3.org/2001/XMLSchema-instance" />
  </settings>
</unattend>